time,chl,phyc,month
2000-01-01,0.11036731,0.33852956,1
2000-02-01,0.122965254,0.4442333,2
2000-03-01,0.13899325,0.5609847,3
2000-04-01,0.10068937,0.48445028,4
2000-05-01,0.06755168,0.3521096,5
2000-06-01,0.055910375,0.3192361,6
2000-07-01,0.04522769,0.29282305,7
2000-08-01,0.05743032,0.32937026,8
2000-09-01,0.060063872,0.31973147,9
2000-10-01,0.07407092,0.26117218,10
2000-11-01,0.083346374,0.2486072,11
2000-12-01,0.096692234,0.26798528,12
2001-01-01,0.12649193,0.38373423,1
2001-02-01,0.12067902,0.43179834,2
2001-03-01,0.112666935,0.45548028,3
2001-04-01,0.09443242,0.383152,4
2001-05-01,0.067280024,0.32288092,5
2001-06-01,0.04631797,0.28610927,6
2001-07-01,0.042112567,0.26985943,7
2001-08-01,0.04911496,0.28252792,8
2001-09-01,0.052405775,0.26512378,9
2001-10-01,0.0673451,0.23947704,10
2001-11-01,0.08362071,0.2322371,11
2001-12-01,0.09673358,0.26483086,12
2002-01-01,0.13179256,0.45513564,1
2002-02-01,0.12309933,0.4657901,2
2002-03-01,0.12441131,0.46923682,3
2002-04-01,0.11133333,0.45138046,4
2002-05-01,0.058972705,0.34304327,5
2002-06-01,0.046493135,0.27626947,6
2002-07-01,0.04420609,0.27709186,7
2002-08-01,0.046098065,0.23853543,8
2002-09-01,0.06028625,0.27959448,9
2002-10-01,0.07426133,0.239323,10
2002-11-01,0.085652955,0.22452533,11
2002-12-01,0.12724036,0.31756872,12
2003-01-01,0.1307254,0.38962623,1
2003-02-01,0.14299531,0.47552562,2
2003-03-01,0.13621463,0.5449823,3
2003-04-01,0.1360005,0.62339216,4
2003-05-01,0.073034585,0.4412529,5
2003-06-01,0.054571807,0.32502136,6
2003-07-01,0.047476865,0.2739731,7
2003-08-01,0.054684684,0.29806453,8
2003-09-01,0.05691553,0.26087528,9
2003-10-01,0.06819522,0.23165213,10
2003-11-01,0.092967905,0.2609077,11
2003-12-01,0.113363005,0.32210994,12
2004-01-01,0.13076507,0.42366374,1
2004-02-01,0.13869305,0.50844043,2
2004-03-01,0.13202517,0.55923045,3
2004-04-01,0.093068376,0.4266519,4
2004-05-01,0.07286143,0.39052317,5
2004-06-01,0.04885688,0.292318,6
2004-07-01,0.049067043,0.28455955,7
2004-08-01,0.04785158,0.2908788,8
2004-09-01,0.06259436,0.27705455,9
2004-10-01,0.06817825,0.25624377,10
2004-11-01,0.08547211,0.2201437,11
2004-12-01,0.115301825,0.29483458,12
2005-01-01,0.13042168,0.4053483,1
2005-02-01,0.14956751,0.53636914,2
2005-03-01,0.136917,0.5721632,3
2005-04-01,0.10435042,0.4624022,4
2005-05-01,0.05966927,0.34552345,5
2005-06-01,0.05219606,0.30882823,6
2005-07-01,0.04691071,0.30505934,7
2005-08-01,0.05119214,0.30909652,8
2005-09-01,0.053940933,0.28539822,9
2005-10-01,0.07492166,0.25938603,10
2005-11-01,0.119722195,0.35317227,11
2005-12-01,0.12933777,0.40673658,12
2006-01-01,0.13022383,0.46507257,1
2006-02-01,0.13638783,0.5861664,2
2006-03-01,0.16322584,0.7475276,3
2006-04-01,0.11748729,0.5310968,4
2006-05-01,0.072734386,0.3652558,5
2006-06-01,0.052415524,0.31794444,6
2006-07-01,0.0640601,0.32980943,7
2006-08-01,0.052970912,0.32470775,8
2006-09-01,0.06372874,0.30098742,9
2006-10-01,0.08407985,0.2867035,10
2006-11-01,0.10015845,0.2718367,11
2006-12-01,0.12082947,0.33681935,12
2007-01-01,0.13827924,0.45086884,1
2007-02-01,0.15126552,0.5864589,2
2007-03-01,0.14133564,0.6338826,3
2007-04-01,0.15080664,0.68643594,4
2007-05-01,0.08665644,0.47491074,5
2007-06-01,0.0578765,0.3374009,6
2007-07-01,0.050281692,0.3001455,7
2007-08-01,0.055119317,0.31864938,8
2007-09-01,0.06583521,0.3174606,9
2007-10-01,0.07748303,0.27815032,10
2007-11-01,0.09932359,0.25921747,11
2007-12-01,0.12847078,0.3564559,12
2008-01-01,0.14496504,0.47145736,1
2008-02-01,0.14902143,0.5599901,2
2008-03-01,0.14087142,0.6048025,3
2008-04-01,0.1405996,0.5507187,4
2008-05-01,0.06598916,0.3505456,5
2008-06-01,0.049151074,0.30862272,6
2008-07-01,0.050778795,0.30754527,7
2008-08-01,0.05949031,0.33671618,8
2008-09-01,0.065429345,0.31344232,9
2008-10-01,0.076375045,0.24932784,10
2008-11-01,0.102128305,0.28097993,11
2008-12-01,0.11404811,0.30911845,12
2009-01-01,0.13334215,0.4163917,1
2009-02-01,0.1456406,0.50159645,2
2009-03-01,0.13551915,0.5442246,3
2009-04-01,0.10623716,0.47453642,4
2009-05-01,0.06693799,0.36704284,5
2009-06-01,0.053503644,0.3198383,6
2009-07-01,0.055579755,0.30857533,7
2009-08-01,0.061197944,0.29865503,8
2009-09-01,0.06840707,0.31300506,9
2009-10-01,0.075198546,0.26356167,10
2009-11-01,0.09847285,0.25814974,11
2009-12-01,0.11167742,0.2870714,12
2010-01-01,0.12048821,0.33889097,1
2010-02-01,0.14783214,0.48567075,2
2010-03-01,0.14774287,0.5259706,3
2010-04-01,0.096124,0.4127916,4
2010-05-01,0.07084567,0.37537134,5
2010-06-01,0.051398218,0.31214118,6
2010-07-01,0.053355582,0.28413337,7
2010-08-01,0.057061657,0.30908775,8
2010-09-01,0.06596903,0.3026678,9
2010-10-01,0.08263425,0.26121196,10
2010-11-01,0.094864964,0.24602363,11
2010-12-01,0.100824684,0.2556589,12
2011-01-01,0.146059,0.39792854,1
2011-02-01,0.14580037,0.48013362,2
2011-03-01,0.12896164,0.46044177,3
2011-04-01,0.11152958,0.43105125,4
2011-05-01,0.080665745,0.3821072,5
2011-06-01,0.05355897,0.33102697,6
2011-07-01,0.051880904,0.30542502,7
2011-08-01,0.058441445,0.2846043,8
2011-09-01,0.06611051,0.2992388,9
2011-10-01,0.08097564,0.24803542,10
2011-11-01,0.10830344,0.2854543,11
2011-12-01,0.11977423,0.35177308,12
2012-01-01,0.14367111,0.46308312,1
2012-02-01,0.14656585,0.550099,2
2012-03-01,0.13509102,0.5680617,3
2012-04-01,0.09920777,0.4613527,4
2012-05-01,0.06483305,0.3782822,5
2012-06-01,0.051788967,0.30719686,6
2012-07-01,0.05476223,0.2954038,7
2012-08-01,0.05633208,0.2942356,8
2012-09-01,0.06254206,0.30617473,9
2012-10-01,0.07238447,0.28611726,10
2012-11-01,0.08932295,0.23559867,11
2012-12-01,0.120192125,0.3271846,12
2013-01-01,0.12378526,0.3979882,1
2013-02-01,0.14982294,0.55027515,2
2013-03-01,0.14276877,0.5578611,3
2013-04-01,0.11358159,0.4670211,4
2013-05-01,0.06754885,0.37266296,5
2013-06-01,0.056127112,0.30722788,6
2013-07-01,0.056078415,0.26205295,7
2013-08-01,0.060003586,0.3148573,8
2013-09-01,0.05840296,0.28900883,9
2013-10-01,0.070719585,0.24695605,10
2013-11-01,0.09200895,0.25200856,11
2013-12-01,0.12339343,0.31956327,12
2014-01-01,0.13398309,0.40916193,1
2014-02-01,0.13844569,0.49349046,2
2014-03-01,0.1111103,0.43937153,3
2014-04-01,0.07648118,0.34872973,4
2014-05-01,0.06358769,0.3262332,5
2014-06-01,0.054972425,0.32227612,6
2014-07-01,0.052408367,0.29465753,7
2014-08-01,0.055088848,0.3122564,8
2014-09-01,0.06664601,0.3220405,9
2014-10-01,0.0833079,0.2818898,10
2014-11-01,0.09199747,0.24215022,11
2014-12-01,0.10725531,0.27978894,12
2015-01-01,0.116287686,0.34050512,1
2015-02-01,0.14176457,0.46234578,2
2015-03-01,0.122752264,0.4639821,3
2015-04-01,0.12545289,0.49453712,4
2015-05-01,0.068044655,0.36139423,5
2015-06-01,0.05546407,0.32063216,6
2015-07-01,0.06031325,0.3147881,7
2015-08-01,0.05908811,0.31938428,8
2015-09-01,0.06439563,0.3162886,9
2015-10-01,0.08177735,0.28511158,10
2015-11-01,0.11536662,0.30674484,11
2015-12-01,0.11787368,0.30802304,12
2016-01-01,0.12791047,0.37640733,1
2016-02-01,0.123325475,0.43971428,2
2016-03-01,0.10404372,0.3845269,3
2016-04-01,0.07370932,0.35912466,4
2016-05-01,0.058928963,0.3102889,5
2016-06-01,0.059224147,0.32057264,6
2016-07-01,0.057300456,0.28721464,7
2016-08-01,0.062155712,0.30874813,8
2016-09-01,0.06925146,0.31477547,9
2016-10-01,0.080262385,0.28153586,10
2016-11-01,0.10567572,0.28556198,11
2016-12-01,0.121491626,0.32812202,12
2017-01-01,0.1510897,0.4980958,1
2017-02-01,0.14962995,0.577495,2
2017-03-01,0.1484398,0.6161531,3
2017-04-01,0.09265272,0.41088387,4
2017-05-01,0.07067378,0.3772987,5
2017-06-01,0.05513634,0.33130378,6
2017-07-01,0.06217529,0.33059087,7
2017-08-01,0.0699232,0.33371156,8
2017-09-01,0.06762655,0.35322487,9
2017-10-01,0.081230745,0.2748603,10
2017-11-01,0.103818975,0.28633907,11
2017-12-01,0.106180444,0.2985618,12
2018-01-01,0.14387108,0.4127782,1
2018-02-01,0.15390399,0.53617907,2
2018-03-01,0.14243154,0.5490792,3
2018-04-01,0.09354796,0.40176314,4
2018-05-01,0.060014766,0.34381565,5
2018-06-01,0.052644968,0.30544177,6
2018-07-01,0.050321963,0.2923699,7
2018-08-01,0.06431919,0.33710647,8
2018-09-01,0.07638904,0.3269592,9
2018-10-01,0.09374202,0.27549678,10
2018-11-01,0.100722045,0.26112553,11
2018-12-01,0.1099607,0.28741768,12
2019-01-01,0.14895958,0.45851368,1
2019-02-01,0.16726243,0.57094437,2
2019-03-01,0.14127213,0.5363171,3
2019-04-01,0.14519581,0.5690773,4
2019-05-01,0.0829567,0.40818244,5
2019-06-01,0.057990797,0.343185,6
2019-07-01,0.057121273,0.30940422,7
2019-08-01,0.06389498,0.31546998,8
2019-09-01,0.07024289,0.30429503,9
2019-10-01,0.084891714,0.29857147,10
2019-11-01,0.106917426,0.28682405,11
2019-12-01,0.1212195,0.2933289,12
2020-01-01,0.14900891,0.45041806,1
2020-02-01,0.15007395,0.5446159,2
2020-03-01,0.13992764,0.5358431,3
2020-04-01,0.12572135,0.49293548,4
2020-05-01,0.072712705,0.39263284,5
2020-06-01,0.056928564,0.32982942,6
2020-07-01,0.06881802,0.3455027,7
2020-08-01,0.06283978,0.32970527,8
2020-09-01,0.06770429,0.32061514,9
2020-10-01,0.08695445,0.29856727,10
2020-11-01,0.12094147,0.30833343,11
2020-12-01,0.12327678,0.3184589,12
2021-01-01,0.14173928,0.378372,1
2021-02-01,0.14986631,0.44768417,2
2021-03-01,0.13423818,0.4676058,3
2021-04-01,0.12689532,0.4891839,4
2021-05-01,0.077649415,0.41734368,5
2021-06-01,0.05526414,0.35526395,6
2021-07-01,0.066272154,0.3567749,7
2021-08-01,0.06086085,0.32228065,8
2021-09-01,0.07901929,0.33966088,9
2021-10-01,0.10002647,0.30055645,10
2021-11-01,0.11868393,0.3041602,11
2021-12-01,0.11504343,0.30756104,12
2022-01-01,0.13406725,0.3973596,1
2022-02-01,0.1428657,0.48785585,2
2022-03-01,0.13643847,0.52042615,3
2022-04-01,0.13079086,0.5774425,4
2022-05-01,0.0713549,0.37426937,5
2022-06-01,0.059908926,0.35678315,6
2022-07-01,0.0752218,0.34415102,7
2022-08-01,0.07028098,0.39007172,8
2022-09-01,0.0847968,0.38304287,9
2022-10-01,0.10695605,0.3382166,10
2022-11-01,0.14827292,0.4076496,11
2022-12-01,0.12872912,0.33832455,12
