time,po4,phyc,chl,o2,nppv,T,mld,month
2001-01-01,0.014619171,0.38373423,0.12649193,235.22261,4.2159295,15.896765,53.58244,1
2001-02-01,0.015335597,0.43179834,0.12067902,239.39554,4.9420195,15.428619,50.523575,2
2001-03-01,0.011907359,0.45548028,0.112666935,242.48166,5.692295,15.806558,39.628864,3
2001-04-01,0.009123133,0.383152,0.09443242,241.02728,5.675866,16.618763,35.49027,4
2001-05-01,0.009262033,0.32288092,0.067280024,238.53355,5.7122984,18.19648,16.653475,5
2001-06-01,0.004711211,0.28610927,0.04631797,232.08907,6.1985807,20.946829,12.589327,6
2001-07-01,0.004897985,0.26985943,0.042112567,226.78964,6.1388984,22.162628,11.874805,7
2001-08-01,0.004895578,0.28252792,0.04911496,228.53175,6.2465186,22.091625,11.9023,8
2001-09-01,0.006486583,0.26512378,0.052405775,220.37865,6.4812207,23.528727,16.6119,9
2001-10-01,0.006418022,0.23947704,0.0673451,223.68561,4.731778,21.136724,27.816133,10
2001-11-01,0.0063575488,0.2322371,0.08362071,228.2882,3.308723,18.315163,50.120064,11
2001-12-01,0.010474034,0.26483086,0.09673358,234.85907,2.8482068,16.124546,53.118435,12
2002-01-01,0.020047853,0.45513564,0.13179256,240.70499,4.5473413,14.938685,47.901276,1
2002-02-01,0.012077175,0.4657901,0.12309933,241.36797,5.374311,15.423155,45.92045,2
2002-03-01,0.011770404,0.46923682,0.12441131,239.6577,6.1842604,16.000053,48.24563,3
2002-04-01,0.010523358,0.45138046,0.11133333,243.11685,6.4434323,15.961648,34.14247,4
2002-05-01,0.008168616,0.34304327,0.058972705,240.24849,6.1565266,18.360498,13.158781,5
2002-06-01,0.004667213,0.27626947,0.046493135,232.99786,5.9602346,20.944817,11.948209,6
2002-07-01,0.0056736027,0.27709186,0.04420609,222.56168,7.092957,23.540127,11.823305,7
2002-08-01,0.006213918,0.23853543,0.046098065,217.42451,6.7001457,24.793812,11.858308,8
2002-09-01,0.006403462,0.27959448,0.06028625,220.49973,6.5825276,23.203983,16.021984,9
2002-10-01,0.006307731,0.239323,0.07426133,218.86299,4.991232,21.881012,40.356762,10
2002-11-01,0.006635052,0.22452533,0.085652955,223.3107,3.6540778,19.67264,56.884632,11
2002-12-01,0.00862229,0.31756872,0.12724036,229.61845,3.8537319,17.26403,54.950058,12
2003-01-01,0.0134085,0.38962623,0.1307254,233.65498,4.4314437,16.45113,52.916958,1
2003-02-01,0.019518575,0.47552562,0.14299531,240.5031,5.025688,15.026592,53.704773,2
2003-03-01,0.019960595,0.5449823,0.13621463,246.33455,5.7060685,14.253292,44.83205,3
2003-04-01,0.010750049,0.62339216,0.1360005,249.10475,7.223935,14.774669,34.436573,4
2003-05-01,0.008968462,0.4412529,0.073034585,243.70189,7.7356563,18.513105,12.200832,5
2003-06-01,0.0054786224,0.32502136,0.054571807,233.99352,6.833771,20.543983,11.866134,6
2003-07-01,0.004398489,0.2739731,0.047476865,230.32753,6.1638045,21.726498,11.82039,7
2003-08-01,0.006027468,0.29806453,0.054684684,226.96788,6.4353266,21.79136,11.858439,8
2003-09-01,0.005798039,0.26087528,0.05691553,223.98216,5.348159,21.468256,17.325447,9
2003-10-01,0.0063077677,0.23165213,0.06819522,224.26541,4.115697,20.365902,40.672638,10
2003-11-01,0.0075304788,0.2609077,0.092967905,226.44586,3.785534,18.655725,52.330486,11
2003-12-01,0.0118139,0.32210994,0.113363005,231.45088,3.7445161,16.89588,54.052853,12
2004-01-01,0.017566524,0.42366374,0.13076507,236.51564,4.287067,15.64425,51.640766,1
2004-02-01,0.017986821,0.50844043,0.13869305,242.42828,5.3514624,14.968711,46.48252,2
2004-03-01,0.016322475,0.55923045,0.13202517,245.85255,6.4053006,14.925557,45.28722,3
2004-04-01,0.0115191275,0.4266519,0.093068376,245.94504,5.5880265,15.691362,31.119936,4
2004-05-01,0.010392623,0.39052317,0.07286143,241.76439,6.7739677,17.988615,15.178269,5
2004-06-01,0.0062574293,0.292318,0.04885688,233.02577,6.3757353,21.105972,12.522234,6
2004-07-01,0.0061395564,0.28455955,0.049067043,233.03,5.962585,21.057331,11.818107,7
2004-08-01,0.0055564204,0.2908788,0.04785158,226.85674,6.475767,22.396515,12.079852,8
2004-09-01,0.006281795,0.27705455,0.06259436,230.71593,5.043289,20.21542,14.853558,9
2004-10-01,0.0058707185,0.25624377,0.06817825,225.43144,4.6384397,20.571142,29.301607,10
2004-11-01,0.006679492,0.2201437,0.08547211,221.42633,3.7995772,20.324297,53.78123,11
2004-12-01,0.008035071,0.29483458,0.115301825,227.8222,3.7478113,17.636116,53.653164,12
2005-01-01,0.014191751,0.4053483,0.13042168,235.4503,4.5332255,16.004631,52.923954,1
2005-02-01,0.01779651,0.53636914,0.14956751,243.41562,5.552523,14.815735,51.397404,2
2005-03-01,0.013629191,0.5721632,0.136917,245.75928,6.6052356,14.982705,47.152126,3
2005-04-01,0.0112930825,0.4624022,0.10435042,246.56845,6.204202,15.730712,29.28546,4
2005-05-01,0.008622327,0.34552345,0.05966927,241.64832,6.0665846,18.445978,14.899303,5
2005-06-01,0.0048585823,0.30882823,0.05219606,235.75066,6.237653,20.267454,11.817852,6
2005-07-01,0.006134829,0.30505934,0.04691071,230.32597,6.9211645,22.248018,11.830101,7
2005-08-01,0.005996187,0.30909652,0.05119214,228.63007,7.228036,22.8687,11.836529,8
2005-09-01,0.005918222,0.28539822,0.053940933,228.41364,5.492162,21.132412,12.557411,9
2005-10-01,0.006448059,0.25938603,0.07492166,227.5222,4.4816236,19.997541,32.063515,10
2005-11-01,0.01044917,0.35317227,0.119722195,235.12994,4.4021688,16.930965,52.22112,11
2005-12-01,0.015170331,0.40673658,0.12933777,238.67342,4.2998457,15.763284,53.55052,12
2006-01-01,0.024916727,0.46507257,0.13022383,243.88376,4.250371,14.413876,55.228237,1
2006-02-01,0.020753728,0.5861664,0.13638783,249.14687,5.360849,13.830997,43.249237,2
2006-03-01,0.017898094,0.7475276,0.16322584,248.05162,7.909229,14.471652,47.633915,3
2006-04-01,0.008548485,0.5310968,0.11748729,247.96454,6.962649,15.553977,27.056341,4
2006-05-01,0.00871929,0.3652558,0.072734386,243.76047,6.1610518,17.553394,17.452333,5
2006-06-01,0.0046545984,0.31794444,0.052415524,235.91579,6.4880924,20.436754,12.11769,6
2006-07-01,0.0046175593,0.32980943,0.0640601,239.10202,5.6939874,18.932524,11.967683,7
2006-08-01,0.0056731203,0.32470775,0.052970912,226.01703,7.623081,22.934015,11.830835,8
2006-09-01,0.0055143517,0.30098742,0.06372874,227.1487,5.773172,21.005478,13.373535,9
2006-10-01,0.006047244,0.2867035,0.08407985,225.85292,5.0984006,20.43338,31.50829,10
2006-11-01,0.0069014346,0.2718367,0.10015845,226.1558,3.9508007,18.407467,56.583977,11
2006-12-01,0.009416002,0.33681935,0.12082947,230.40907,4.181224,16.974611,55.673523,12
2007-01-01,0.013479033,0.45086884,0.13827924,238.58403,4.820543,15.363841,50.850937,1
2007-02-01,0.022878492,0.5864589,0.15126552,244.8159,5.882046,14.50641,51.685814,2
2007-03-01,0.023856653,0.6338826,0.14133564,247.52777,7.0530677,14.555328,43.171524,3
2007-04-01,0.017333351,0.68643594,0.15080664,248.91835,8.308064,14.965322,30.313728,4
2007-05-01,0.00940522,0.47491074,0.08665644,244.10048,7.961899,17.953573,13.484593,5
2007-06-01,0.006342748,0.3374009,0.0578765,231.25673,7.8786464,22.153744,11.8108835,6
2007-07-01,0.0054711094,0.3001455,0.050281692,232.6156,6.2620893,21.18128,11.821219,7
2007-08-01,0.0055546,0.31864938,0.055119317,229.05211,7.223321,22.498856,11.8216505,8
2007-09-01,0.006106457,0.3174606,0.06583521,225.77367,6.89139,22.111038,12.594251,9
2007-10-01,0.0062066307,0.27815032,0.07748303,225.61647,4.940859,20.410757,31.291218,10
2007-11-01,0.00704249,0.25921747,0.09932359,223.60417,4.054361,19.287592,54.882656,11
2007-12-01,0.009580801,0.3564559,0.12847078,231.63307,4.192114,16.721203,56.035683,12
2008-01-01,0.015299938,0.47145736,0.14496504,235.98515,5.0075254,15.566995,50.593327,1
2008-02-01,0.019152915,0.5599901,0.14902143,243.48947,5.778944,14.709817,45.42797,2
2008-03-01,0.015376744,0.6048025,0.14087142,244.30965,7.332046,15.422279,43.480446,3
2008-04-01,0.010333551,0.5507187,0.1405996,243.95425,7.8673935,16.176834,34.621918,4
2008-05-01,0.008915247,0.3505456,0.06598916,240.93317,6.3333755,18.265188,14.480217,5
2008-06-01,0.0064701918,0.30862272,0.049151074,234.82274,6.503397,20.786663,11.883839,6
2008-07-01,0.00674731,0.30754527,0.050778795,234.7139,6.2217593,20.68783,11.842489,7
2008-08-01,0.0057227756,0.33671618,0.05949031,231.47966,6.9480457,21.329351,11.831639,8
2008-09-01,0.0064872196,0.31344232,0.065429345,226.43974,6.5493793,21.82539,15.40489,9
2008-10-01,0.006992621,0.24932784,0.076375045,225.51599,4.504045,20.423756,35.64303,10
2008-11-01,0.007513373,0.28097993,0.102128305,226.41266,4.234068,18.871288,52.928432,11
2008-12-01,0.011381285,0.30911845,0.11404811,230.31432,3.781499,17.333076,55.393074,12
2009-01-01,0.012606584,0.4163917,0.13334215,238.31154,4.4076986,15.671959,50.89264,1
2009-02-01,0.015547943,0.50159645,0.1456406,239.4601,5.622575,15.546183,52.62915,2
2009-03-01,0.012147783,0.5442246,0.13551915,243.02538,6.5545187,15.2850485,47.858456,3
2009-04-01,0.008655435,0.47453642,0.10623716,244.10649,6.588992,16.094328,28.210926,4
2009-05-01,0.0074322913,0.36704284,0.06693799,240.84018,6.6107855,18.584602,14.154163,5
2009-06-01,0.004205267,0.3198383,0.053503644,233.25804,6.989464,21.22775,12.723938,6
2009-07-01,0.004282299,0.30857533,0.055579755,227.64998,7.401575,22.587027,11.95372,7
2009-08-01,0.005009232,0.29865503,0.061197944,233.10309,5.7917085,20.497498,12.004032,8
2009-09-01,0.0060291826,0.31300506,0.06840707,227.38136,5.9323816,20.687984,12.651239,9
2009-10-01,0.006167178,0.26356167,0.075198546,223.7496,4.976089,20.968508,36.349815,10
2009-11-01,0.007297458,0.25814974,0.09847285,223.80255,4.1492615,19.380768,54.211716,11
2009-12-01,0.009989663,0.2870714,0.11167742,226.72871,3.8563986,18.23526,54.114075,12
2010-01-01,0.012694638,0.33889097,0.12048821,231.5162,4.202931,17.122328,54.700542,1
2010-02-01,0.014761251,0.48567075,0.14783214,237.15506,5.9066925,16.171041,50.579025,2
2010-03-01,0.009444378,0.5259706,0.14774287,240.39848,6.905491,15.964107,44.603886,3
2010-04-01,0.008806879,0.4127916,0.096124,241.0488,6.416947,16.972612,28.311913,4
2010-05-01,0.006796522,0.37537134,0.07084567,237.52377,7.2568297,19.518639,15.171091,5
2010-06-01,0.0042838287,0.31214118,0.051398218,227.04951,7.4919744,22.595497,12.4285145,6
2010-07-01,0.0033194725,0.28413337,0.053355582,230.50374,6.668117,22.169092,11.841435,7
2010-08-01,0.0054925084,0.30908775,0.057061657,223.57686,8.200475,24.048721,11.829564,8
2010-09-01,0.005916094,0.3026678,0.06596903,223.37021,6.977662,22.776783,13.444388,9
2010-10-01,0.006256836,0.26121196,0.08263425,222.34456,5.1112404,21.247234,28.366976,10
2010-11-01,0.006912874,0.24602363,0.094864964,223.74919,4.1750426,20.012314,54.883636,11
2010-12-01,0.008493676,0.2556589,0.100824684,227.61417,3.5760617,18.40077,54.76421,12
2011-01-01,0.011110109,0.39792854,0.146059,232.55087,4.8897023,16.678524,54.565365,1
2011-02-01,0.01116287,0.48013362,0.14580037,238.37675,5.821179,15.70152,48.25517,2
2011-03-01,0.013728386,0.46044177,0.12896164,241.71451,5.7675653,15.458151,42.915985,3
2011-04-01,0.009768845,0.43105125,0.11152958,243.50087,6.06761,15.865587,39.734142,4
2011-05-01,0.007902628,0.3821072,0.080665745,240.56825,6.7434015,18.108873,18.887173,5
2011-06-01,0.005469537,0.33102697,0.05355897,233.61752,7.380876,21.215017,11.808364,6
2011-07-01,0.004322125,0.30542502,0.051880904,225.57343,7.7492304,23.15621,11.825623,7
2011-08-01,0.004151656,0.2846043,0.058441445,227.46877,6.234364,21.661839,12.298769,8
2011-09-01,0.0054908176,0.2992388,0.06611051,222.83911,6.4992876,22.07585,15.257324,9
2011-10-01,0.0061590965,0.24803542,0.08097564,221.90054,4.7775574,20.869444,47.32659,10
2011-11-01,0.0055522784,0.2854543,0.10830344,228.53508,4.075137,17.852875,57.21645,11
2011-12-01,0.01373273,0.35177308,0.11977423,232.72673,4.2606134,16.763136,50.437477,12
2012-01-01,0.01722171,0.46308312,0.14367111,239.31055,4.824117,15.13792,52.65854,1
2012-02-01,0.021412741,0.550099,0.14656585,243.60086,5.7418203,14.568748,48.949947,2
2012-03-01,0.012360207,0.5680617,0.13509102,246.96475,6.492887,14.52244,39.32085,3
2012-04-01,0.008934285,0.4613527,0.09920777,244.42754,6.821243,16.458158,26.518549,4
2012-05-01,0.0077874325,0.3782822,0.06483305,238.97464,7.285909,19.517826,13.434423,5
2012-06-01,0.0044349995,0.30719686,0.051788967,232.46663,7.1690927,21.876925,11.867787,6
2012-07-01,0.004521573,0.2954038,0.05476223,231.78673,6.578035,21.598457,11.837323,7
2012-08-01,0.0049868654,0.2942356,0.05633208,230.67155,6.157789,21.41231,11.9943075,8
2012-09-01,0.0059994916,0.30617473,0.06254206,226.55904,6.146215,21.367794,12.645464,9
2012-10-01,0.0058894125,0.28611726,0.07238447,222.66708,5.759507,21.752876,25.55008,10
2012-11-01,0.0074912324,0.23559867,0.08932295,223.14828,3.9308698,20.08539,53.55245,11
2012-12-01,0.010702183,0.3271846,0.120192125,229.1035,4.116616,17.61859,53.414288,12
2013-01-01,0.019952992,0.3979882,0.12378526,234.26065,4.550226,16.300861,53.362606,1
2013-02-01,0.024395475,0.55027515,0.14982294,239.61293,6.2791414,15.786996,51.709106,2
2013-03-01,0.016481915,0.5578611,0.14276877,241.91525,7.0360694,15.898603,46.876717,3
2013-04-01,0.013574565,0.4670211,0.11358159,242.36649,6.9860744,16.69037,33.325165,4
2013-05-01,0.0091885,0.37266296,0.06754885,238.41039,7.100772,19.52026,14.983465,5
2013-06-01,0.0050065573,0.30722788,0.056127112,230.0964,7.3088365,22.072088,12.002329,6
2013-07-01,0.0036513975,0.26205295,0.056078415,235.20763,5.370639,20.386782,11.893181,7
2013-08-01,0.0042577307,0.3148573,0.060003586,229.19052,6.965795,21.845158,11.891788,8
2013-09-01,0.0057273787,0.28900883,0.05840296,224.18321,6.3290377,22.2893,14.255857,9
2013-10-01,0.005905684,0.24695605,0.070719585,224.34296,4.5216665,20.517368,39.877068,10
2013-11-01,0.006505676,0.25200856,0.09200895,226.76459,3.8857665,19.137953,54.81937,11
2013-12-01,0.007919121,0.31956327,0.12339343,233.11488,3.7541392,16.647425,56.55146,12
2014-01-01,0.011414906,0.40916193,0.13398309,235.82532,4.367211,15.935529,54.84454,1
2014-02-01,0.012830141,0.49349046,0.13844569,238.94484,5.7268186,15.687999,52.55549,2
2014-03-01,0.010022271,0.43937153,0.1111103,242.68414,5.416973,15.531822,38.537674,3
2014-04-01,0.0080633275,0.34872973,0.07648118,242.3129,5.0895457,16.680918,28.980457,4
2014-05-01,0.008496335,0.3262332,0.06358769,238.02094,6.035938,18.892653,17.290852,5
2014-06-01,0.004746736,0.32227612,0.054972425,230.4653,7.5981426,22.029808,12.110544,6
2014-07-01,0.0043081334,0.29465753,0.052408367,228.1903,7.125371,22.647795,11.827878,7
2014-08-01,0.0056821504,0.3122564,0.055088848,223.25746,8.07005,23.919796,11.833012,8
2014-09-01,0.006302247,0.3220405,0.06664601,223.11444,7.699634,23.220816,13.856477,9
2014-10-01,0.0060402383,0.2818898,0.0833079,227.75711,4.963578,20.113987,33.28903,10
2014-11-01,0.007003012,0.24215022,0.09199747,226.14883,3.7611287,18.946009,53.914696,11
2014-12-01,0.008013822,0.27978894,0.10725531,228.78418,3.6597834,17.859533,53.519524,12
2015-01-01,0.011308063,0.34050512,0.116287686,237.39131,3.7867541,15.88576,51.98302,1
2015-02-01,0.016564446,0.46234578,0.14176457,241.80403,5.302906,15.324414,49.586964,2
2015-03-01,0.011781458,0.4639821,0.122752264,242.74234,5.7663374,15.392559,44.810123,3
2015-04-01,0.008926618,0.49453712,0.12545289,243.91093,7.227295,16.164495,36.619293,4
2015-05-01,0.0076871,0.36139423,0.068044655,239.85414,6.906736,19.082132,13.061183,5
2015-06-01,0.0043665967,0.32063216,0.05546407,232.47942,6.92932,20.975471,11.819686,6
2015-07-01,0.0039205225,0.3147881,0.06031325,234.18535,6.8296447,21.15072,11.819358,7
2015-08-01,0.0046807886,0.31938428,0.05908811,225.8814,8.282334,23.64918,11.87324,8
2015-09-01,0.0058383844,0.3162886,0.06439563,222.7161,7.521448,23.29704,12.675457,9
2015-10-01,0.006440358,0.28511158,0.08177735,222.32124,5.7000785,21.552235,20.296333,10
2015-11-01,0.007257911,0.30674484,0.11536662,228.32343,4.7930684,18.782173,53.698044,11
2015-12-01,0.0066964645,0.30802304,0.11787368,230.98488,3.98412,17.004364,55.458378,12
2016-01-01,0.01358495,0.37640733,0.12791047,236.46205,4.3102694,15.949435,48.24172,1
2016-02-01,0.0136608,0.43971428,0.123325475,242.29176,5.232337,15.533544,44.26786,2
2016-03-01,0.008494053,0.3845269,0.10404372,243.60858,5.06126,15.656579,47.68392,3
2016-04-01,0.008352707,0.35912466,0.07370932,242.40665,5.7501025,17.384577,18.467129,4
2016-05-01,0.0060737547,0.3102889,0.058928963,236.87593,5.8324385,19.068857,19.375637,5
2016-06-01,0.0037311288,0.32057264,0.059224147,228.4974,7.8014693,22.36349,12.734949,6
2016-07-01,0.004508992,0.28721464,0.057300456,229.04483,6.4757547,21.80508,11.824989,7
2016-08-01,0.004773267,0.30874813,0.062155712,230.12222,6.736033,21.834578,11.895402,8
2016-09-01,0.005642779,0.31477547,0.06925146,225.11443,6.870065,22.184774,14.390239,9
2016-10-01,0.0064337375,0.28153586,0.080262385,224.95444,5.1843195,20.614029,32.58329,10
2016-11-01,0.00789464,0.28556198,0.10567572,230.01263,4.1112394,18.226557,50.806355,11
2016-12-01,0.009245296,0.32812202,0.121491626,236.75845,3.6553864,15.969924,57.323162,12
2017-01-01,0.014771446,0.4980958,0.1510897,245.0146,4.5877395,14.269459,51.8333,1
2017-02-01,0.020798048,0.577495,0.14962995,246.5194,5.9449816,14.456441,43.168816,2
2017-03-01,0.010732246,0.6161531,0.1484398,246.65047,7.2215667,15.027745,40.32469,3
2017-04-01,0.007080919,0.41088387,0.09265272,245.70831,5.9040422,16.223806,31.311626,4
2017-05-01,0.008257609,0.3772987,0.07067378,239.9071,6.9680414,18.792543,13.440648,5
2017-06-01,0.0052702804,0.33130378,0.05513634,232.92377,7.3476105,21.585054,11.802364,6
2017-07-01,0.004800107,0.33059087,0.06217529,233.93867,6.9445333,20.973743,11.816759,7
2017-08-01,0.0044391034,0.33371156,0.0699232,235.16356,6.50298,20.47345,11.813641,8
2017-09-01,0.0058003026,0.35322487,0.06762655,229.06377,7.49222,21.891409,12.093677,9
2017-10-01,0.006261905,0.2748603,0.081230745,228.76839,4.576489,19.473186,33.637524,10
2017-11-01,0.007602222,0.28633907,0.103818975,229.95773,4.0252557,18.072529,55.714394,11
2017-12-01,0.01138663,0.2985618,0.106180444,232.57957,3.72986,17.20382,53.933403,12
2018-01-01,0.011414083,0.4127782,0.14387108,237.14806,4.5093617,15.756222,52.022366,1
2018-02-01,0.013658753,0.53617907,0.15390399,241.07741,6.062354,15.585229,48.233864,2
2018-03-01,0.013420466,0.5490792,0.14243154,240.45747,7.3883357,16.335093,45.04803,3
2018-04-01,0.010422172,0.40176314,0.09354796,240.42702,6.5461,17.556309,24.669415,4
2018-05-01,0.008124157,0.34381565,0.060014766,237.3153,6.9390845,20.20087,11.849768,5
2018-06-01,0.005065664,0.30544177,0.052644968,230.5145,7.2470965,22.416191,11.939095,6
2018-07-01,0.0051442483,0.2923699,0.050321963,224.10574,7.834449,24.08537,11.824232,7
2018-08-01,0.0049530338,0.33710647,0.06431919,229.92636,7.830457,22.623388,11.870293,8
2018-09-01,0.0060118465,0.3269592,0.07638904,227.43715,7.2208676,22.10259,12.312968,9
2018-10-01,0.0060326816,0.27549678,0.09374202,224.53787,5.142477,20.378927,50.432316,10
2018-11-01,0.0061533516,0.26112553,0.100722045,225.56369,4.1207066,19.03049,55.1234,11
2018-12-01,0.010223265,0.28741768,0.1099607,231.69948,3.3386447,16.742308,55.10157,12
2019-01-01,0.019047625,0.45851368,0.14895958,236.59145,4.819455,15.715562,48.464703,1
2019-02-01,0.017446684,0.57094437,0.16726243,240.19504,6.6001425,15.499338,52.636677,2
2019-03-01,0.012669867,0.5363171,0.14127213,240.87758,7.087606,15.973216,43.47626,3
2019-04-01,0.012014957,0.5690773,0.14519581,241.86931,8.535254,16.483389,31.536549,4
2019-05-01,0.008424213,0.40818244,0.0829567,238.07193,7.949179,19.343533,16.743914,5
2019-06-01,0.0052773426,0.343185,0.057990797,231.6296,7.9417624,21.918802,11.896982,6
2019-07-01,0.0053315675,0.30940422,0.057121273,230.93748,6.7453547,21.428976,11.820729,7
2019-08-01,0.004950362,0.31546998,0.06389498,230.01352,6.697979,21.446323,11.954433,8
2019-09-01,0.0067952815,0.30429503,0.07024289,229.1258,5.8645473,20.751617,12.594438,9
2019-10-01,0.006268395,0.29857147,0.084891714,224.19873,5.890479,21.261345,26.725271,10
2019-11-01,0.007279125,0.28682405,0.106917426,223.19319,4.9891353,20.31773,51.96394,11
2019-12-01,0.0073658577,0.2933289,0.1212195,224.67824,4.2602735,18.744904,57.51754,12
2020-01-01,0.017354224,0.45041806,0.14900891,237.65215,5.1061096,15.896994,51.113613,1
2020-02-01,0.0164654,0.5446159,0.15007395,240.39696,6.4030232,15.660363,45.08013,2
2020-03-01,0.014998815,0.5358431,0.13992764,242.1728,6.942109,15.765545,46.54189,3
2020-04-01,0.0094306655,0.49293548,0.12572135,243.23904,7.4495654,16.289314,37.522915,4
2020-05-01,0.009084412,0.39263284,0.072712705,238.04854,7.379111,19.052713,13.975166,5
2020-06-01,0.0051617445,0.32982942,0.056928564,229.35616,7.9786873,22.332296,13.054744,6
2020-07-01,0.0048655323,0.3455027,0.06881802,230.08134,7.697802,21.56541,11.823169,7
2020-08-01,0.004881866,0.32970527,0.06283978,229.88786,7.2426457,21.914883,11.8218975,8
2020-09-01,0.005903144,0.32061514,0.06770429,222.10098,7.497135,22.932692,15.209339,9
2020-10-01,0.0064117103,0.29856727,0.08695445,219.67526,6.8061666,22.85707,33.096092,10
2020-11-01,0.00866563,0.30833343,0.12094147,225.66933,5.05793,19.536339,50.897266,11
2020-12-01,0.010105987,0.3184589,0.12327678,226.82228,4.617287,18.432177,50.21776,12
2021-01-01,0.012602087,0.378372,0.14173928,228.67851,5.256408,17.975365,54.098427,1
2021-02-01,0.013981185,0.44768417,0.14986631,234.46165,6.102613,16.79687,53.359196,2
2021-03-01,0.009077784,0.4676058,0.13423818,240.75377,6.2434115,15.786525,47.211124,3
2021-04-01,0.010237565,0.4891839,0.12689532,242.12369,7.1318436,16.263512,30.081602,4
2021-05-01,0.007854702,0.41734368,0.077649415,238.66978,7.9848404,19.160072,12.63995,5
2021-06-01,0.0047437474,0.35526395,0.05526414,230.57468,8.10456,21.664694,11.814974,6
2021-07-01,0.004454506,0.3567749,0.066272154,229.74449,8.538202,22.328802,11.8167925,7
2021-08-01,0.005129328,0.32228065,0.06086085,225.4119,7.894912,23.07283,12.138116,8
2021-09-01,0.0052556535,0.33966088,0.07901929,225.38087,7.3731527,21.89735,14.958257,9
2021-10-01,0.006535051,0.30055645,0.10002647,227.51195,5.2901044,19.700226,44.21206,10
2021-11-01,0.0064295405,0.3041602,0.11868393,227.77441,4.5526023,18.669477,50.523384,11
2021-12-01,0.010823406,0.30756104,0.11504343,231.73889,3.8316035,17.272017,52.190456,12
2022-01-01,0.012945294,0.3973596,0.13406725,236.14055,4.5091176,16.02058,52.075623,1
2022-02-01,0.012302333,0.48785585,0.1428657,242.04405,5.42196,15.105511,49.15439,2
2022-03-01,0.0153323915,0.52042615,0.13643847,245.42879,5.8490014,14.53786,41.403267,3
2022-04-01,0.009499726,0.5774425,0.13079086,245.78154,8.328001,16.36275,28.465475,4
2022-05-01,0.0068514626,0.37426937,0.0713549,241.50179,7.0361648,18.811666,12.848426,5
2022-06-01,0.004811816,0.35678315,0.059908926,234.43326,7.4951215,20.71497,11.813412,6
2022-07-01,0.0032560334,0.34415102,0.0752218,238.00522,6.564187,19.45093,12.120379,7
2022-08-01,0.0052713836,0.39007172,0.07028098,227.58282,9.08879,22.630033,11.824525,8
2022-09-01,0.005598323,0.38304287,0.0847968,223.13275,8.806524,22.575375,14.348484,9
2022-10-01,0.007811401,0.3382166,0.10695605,226.86734,5.872461,19.775599,27.612247,10
2022-11-01,0.006747168,0.4076496,0.14827292,231.35623,5.8959937,18.066856,50.7865,11
2022-12-01,0.008473504,0.33832455,0.12872912,230.07721,4.7196794,17.833641,51.878048,12
