date,T_surface_C
2001-01-01,15.896765
2001-02-01,15.428619
2001-03-01,15.806558
2001-04-01,16.618763
2001-05-01,18.19648
2001-06-01,20.946829
2001-07-01,22.162628
2001-08-01,22.091625
2001-09-01,23.528727
2001-10-01,21.136724
2001-11-01,18.315163
2001-12-01,16.124546
2002-01-01,14.938685
2002-02-01,15.423155
2002-03-01,16.000053
2002-04-01,15.961648
2002-05-01,18.360498
2002-06-01,20.944817
2002-07-01,23.540127
2002-08-01,24.793812
2002-09-01,23.203983
2002-10-01,21.881012
2002-11-01,19.67264
2002-12-01,17.26403
2003-01-01,16.45113
2003-02-01,15.026592
2003-03-01,14.253292
2003-04-01,14.774669
2003-05-01,18.513105
2003-06-01,20.543983
2003-07-01,21.726498
2003-08-01,21.79136
2003-09-01,21.468256
2003-10-01,20.365902
2003-11-01,18.655725
2003-12-01,16.89588
2004-01-01,15.64425
2004-02-01,14.968711
2004-03-01,14.925557
2004-04-01,15.691362
2004-05-01,17.988615
2004-06-01,21.105972
2004-07-01,21.057331
2004-08-01,22.396515
2004-09-01,20.21542
2004-10-01,20.571142
2004-11-01,20.324297
2004-12-01,17.636116
2005-01-01,16.004631
2005-02-01,14.815735
2005-03-01,14.982705
2005-04-01,15.730712
2005-05-01,18.445978
2005-06-01,20.267454
2005-07-01,22.248018
2005-08-01,22.8687
2005-09-01,21.132412
2005-10-01,19.997541
2005-11-01,16.930965
2005-12-01,15.763284
2006-01-01,14.413876
2006-02-01,13.830997
2006-03-01,14.471652
2006-04-01,15.553977
2006-05-01,17.553394
2006-06-01,20.436754
2006-07-01,18.932524
2006-08-01,22.934015
2006-09-01,21.005478
2006-10-01,20.43338
2006-11-01,18.407467
2006-12-01,16.974611
2007-01-01,15.363841
2007-02-01,14.50641
2007-03-01,14.555328
2007-04-01,14.965322
2007-05-01,17.953573
2007-06-01,22.153744
2007-07-01,21.18128
2007-08-01,22.498856
2007-09-01,22.111038
2007-10-01,20.410757
2007-11-01,19.287592
2007-12-01,16.721203
2008-01-01,15.566995
2008-02-01,14.709817
2008-03-01,15.422279
2008-04-01,16.176834
2008-05-01,18.265188
2008-06-01,20.786663
2008-07-01,20.68783
2008-08-01,21.329351
2008-09-01,21.82539
2008-10-01,20.423756
2008-11-01,18.871288
2008-12-01,17.333076
2009-01-01,15.671959
2009-02-01,15.546183
2009-03-01,15.2850485
2009-04-01,16.094328
2009-05-01,18.584602
2009-06-01,21.22775
2009-07-01,22.587027
2009-08-01,20.497498
2009-09-01,20.687984
2009-10-01,20.968508
2009-11-01,19.380768
2009-12-01,18.23526
2010-01-01,17.122328
2010-02-01,16.171041
2010-03-01,15.964107
2010-04-01,16.972612
2010-05-01,19.518639
2010-06-01,22.595497
2010-07-01,22.169092
2010-08-01,24.048721
2010-09-01,22.776783
2010-10-01,21.247234
2010-11-01,20.012314
2010-12-01,18.40077
2011-01-01,16.678524
2011-02-01,15.70152
2011-03-01,15.458151
2011-04-01,15.865587
2011-05-01,18.108873
2011-06-01,21.215017
2011-07-01,23.15621
2011-08-01,21.661839
2011-09-01,22.07585
2011-10-01,20.869444
2011-11-01,17.852875
2011-12-01,16.763136
2012-01-01,15.13792
2012-02-01,14.568748
2012-03-01,14.52244
2012-04-01,16.458158
2012-05-01,19.517826
2012-06-01,21.876925
2012-07-01,21.598457
2012-08-01,21.41231
2012-09-01,21.367794
2012-10-01,21.752876
2012-11-01,20.08539
2012-12-01,17.61859
2013-01-01,16.300861
2013-02-01,15.786996
2013-03-01,15.898603
2013-04-01,16.69037
2013-05-01,19.52026
2013-06-01,22.072088
2013-07-01,20.386782
2013-08-01,21.845158
2013-09-01,22.2893
2013-10-01,20.517368
2013-11-01,19.137953
2013-12-01,16.647425
2014-01-01,15.935529
2014-02-01,15.687999
2014-03-01,15.531822
2014-04-01,16.680918
2014-05-01,18.892653
2014-06-01,22.029808
2014-07-01,22.647795
2014-08-01,23.919796
2014-09-01,23.220816
2014-10-01,20.113987
2014-11-01,18.946009
2014-12-01,17.859533
2015-01-01,15.88576
2015-02-01,15.324414
2015-03-01,15.392559
2015-04-01,16.164495
2015-05-01,19.082132
2015-06-01,20.975471
2015-07-01,21.15072
2015-08-01,23.64918
2015-09-01,23.29704
2015-10-01,21.552235
2015-11-01,18.782173
2015-12-01,17.004364
2016-01-01,15.949435
2016-02-01,15.533544
2016-03-01,15.656579
2016-04-01,17.384577
2016-05-01,19.068857
2016-06-01,22.36349
2016-07-01,21.80508
2016-08-01,21.834578
2016-09-01,22.184774
2016-10-01,20.614029
2016-11-01,18.226557
2016-12-01,15.969924
2017-01-01,14.269459
2017-02-01,14.456441
2017-03-01,15.027745
2017-04-01,16.223806
2017-05-01,18.792543
2017-06-01,21.585054
2017-07-01,20.973743
2017-08-01,20.47345
2017-09-01,21.891409
2017-10-01,19.473186
2017-11-01,18.072529
2017-12-01,17.20382
2018-01-01,15.756222
2018-02-01,15.585229
2018-03-01,16.335093
2018-04-01,17.556309
2018-05-01,20.20087
2018-06-01,22.416191
2018-07-01,24.08537
2018-08-01,22.623388
2018-09-01,22.10259
2018-10-01,20.378927
2018-11-01,19.03049
2018-12-01,16.742308
2019-01-01,15.715562
2019-02-01,15.499338
2019-03-01,15.973216
2019-04-01,16.483389
2019-05-01,19.343533
2019-06-01,21.918802
2019-07-01,21.428976
2019-08-01,21.446323
2019-09-01,20.751617
2019-10-01,21.261345
2019-11-01,20.31773
2019-12-01,18.744904
2020-01-01,15.896994
2020-02-01,15.660363
2020-03-01,15.765545
2020-04-01,16.289314
2020-05-01,19.052713
2020-06-01,22.332296
2020-07-01,21.56541
2020-08-01,21.914883
2020-09-01,22.932692
2020-10-01,22.85707
2020-11-01,19.536339
2020-12-01,18.432177
2021-01-01,17.975365
2021-02-01,16.79687
2021-03-01,15.786525
2021-04-01,16.263512
2021-05-01,19.160072
2021-06-01,21.664694
2021-07-01,22.328802
2021-08-01,23.07283
2021-09-01,21.89735
2021-10-01,19.700226
2021-11-01,18.669477
2021-12-01,17.272017
2022-01-01,16.02058
2022-02-01,15.105511
2022-03-01,14.53786
2022-04-01,16.36275
2022-05-01,18.811666
2022-06-01,20.71497
2022-07-01,19.45093
2022-08-01,22.630033
2022-09-01,22.575375
2022-10-01,19.775599
2022-11-01,18.066856
2022-12-01,17.833641
